{"skeleton":{"hash":"sxP/Z97udC8","spine":"3.8-from-4.0-from-4.1-from-4.2.34","images":"./image/","audio":"./audio"},"bones":[{"name":"root"},{"name":"zhujs0","parent":"root","y":776.2}],"slots":[{"name":"zhujs1","bone":"zhujs0"},{"name":"zhujs0","bone":"zhujs0"}],"skins":[{"name":"default","attachments":{"zhujs0":{"zhujs0":{"x":-0.25,"y":11.86,"rotation":1.2,"width":725,"height":365}},"zhujs1":{"zhujs1":{"type":"mesh","uvs":[1,0.3915,1,0.39379,1,0.73035,1,0.73266,1,1,0,1,0,0.73238,0,0.73013,0,0.39237,0,0.39007,0,0,1,0],"triangles":[9,10,11,9,11,0,8,9,0,8,0,1,7,8,1,7,1,2,6,7,2,6,2,3,5,6,3,5,3,4],"vertices":[364.1,49.81,364.1,49.13,364.1,-50.15,364.1,-50.83,364.1,-129.7,-361.9,-129.7,-361.9,-50.75,-361.9,-50.08,-361.9,49.56,-361.9,50.23,-361.9,165.3,364.1,165.3],"hull":12,"edges":[8,10,20,22,18,20,0,22,16,18,0,2,2,16,0,18,14,16,2,4,4,14,10,12,12,14,4,6,6,8,6,12],"width":726,"height":295},"zhujs2":{"type":"mesh","uvs":[1,0.3915,1,0.39379,1,0.73035,1,0.73266,1,1,0,1,0,0.73238,0,0.73013,0,0.39237,0,0.39007,0,0,1,0],"triangles":[9,10,11,9,11,0,8,9,0,8,0,1,7,8,1,7,1,2,6,7,2,6,2,3,5,6,3,5,3,4],"vertices":[364.1,49.81,364.1,49.13,364.1,-50.15,364.1,-50.83,364.1,-129.7,-361.9,-129.7,-361.9,-50.75,-361.9,-50.08,-361.9,49.56,-361.9,50.23,-361.9,165.3,364.1,165.3],"hull":12,"edges":[8,10,20,22,18,20,0,22,16,18,0,2,2,16,0,18,14,16,2,4,4,14,10,12,12,14,4,6,6,8,6,12],"width":726,"height":295},"zhujs3":{"type":"mesh","uvs":[1,0.3915,1,0.39379,1,0.73035,1,0.73266,1,1,0,1,0,0.73238,0,0.73013,0,0.39237,0,0.39007,0,0,1,0],"triangles":[9,10,11,9,11,0,8,9,0,8,0,1,7,8,1,7,1,2,6,7,2,6,2,3,5,6,3,5,3,4],"vertices":[364.1,49.81,364.1,49.13,364.1,-50.15,364.1,-50.83,364.1,-129.7,-361.9,-129.7,-361.9,-50.75,-361.9,-50.08,-361.9,49.56,-361.9,50.23,-361.9,165.3,364.1,165.3],"hull":12,"edges":[8,10,20,22,18,20,0,22,16,18,0,2,2,16,0,18,14,16,2,4,4,14,10,12,12,14,4,6,6,8,6,12],"width":726,"height":295},"zhujs4":{"type":"mesh","uvs":[1,0.3915,1,0.39379,1,0.73035,1,0.73266,1,1,0,1,0,0.73238,0,0.73013,0,0.39237,0,0.39007,0,0,1,0],"triangles":[9,10,11,9,11,0,8,9,0,8,0,1,7,8,1,7,1,2,6,7,2,6,2,3,5,6,3,5,3,4],"vertices":[364.1,49.81,364.1,49.13,364.1,-50.15,364.1,-50.83,364.1,-129.7,-361.9,-129.7,-361.9,-50.75,-361.9,-50.08,-361.9,49.56,-361.9,50.23,-361.9,165.3,364.1,165.3],"hull":12,"edges":[8,10,20,22,18,20,0,22,16,18,0,2,2,16,0,18,14,16,2,4,4,14,10,12,12,14,4,6,6,8,6,12],"width":726,"height":295}}}}],"animations":{"enter":{"slots":{"zhujs0":{"color":[{"time":1.4333,"color":"ffffffff"},{"time":1.6,"color":"ffffff00"}],"attachment":[{"name":"zhujs0"}]},"zhujs1":{"attachment":[{"time":1.4333,"name":"zhujs1"},{"time":1.7333,"name":"zhujs3"},{"time":2.1,"name":"zhujs4"},{"time":2.3333,"name":"zhujs2"},{"time":2.7333,"name":"zhujs4"},{"time":2.8667,"name":"zhujs1"},{"time":3.0333,"name":"zhujs3"},{"time":3.2,"name":"zhujs4"},{"time":3.4,"name":"zhujs2"},{"time":3.5667,"name":"zhujs1"},{"time":3.7333,"name":"zhujs3"},{"time":4.1667,"name":"zhujs1"}]}},"bones":{"zhujs0":{"translate":[{"y":663.5,"curve":"stepped"},{"time":1.0333,"y":663.5},{"time":1.4333,"y":-75.77},{"time":1.6,"curve":"stepped"},{"time":4.2},{"time":4.4333,"y":32.35},{"time":4.6667,"y":-50.56},{"time":5,"y":981.63}],"scale":[{"y":1.99,"curve":"stepped"},{"time":1.0333,"y":1.99},{"time":1.4333}]}},"deform":{"default":{"zhujs1":{"zhujs3":[{"time":1.7333,"curve":"stepped"},{"time":1.8667,"vertices":[27.65283,0,0,0,0,0,-42.40088,0,-42.40088,0,-42.40088,0,-42.40088,0,0,0,0,0,27.65283,0,27.65283,0,27.65283],"curve":"stepped"},{"time":1.9667,"vertices":[-22.06214,0,21.93298,0,21.93298,0,35.09608,0,35.09608,0,35.09608,0,35.09608,0,21.93298,0,21.93298,0,-22.06214,0,-22.06214,0,-22.06214],"curve":"stepped"},{"time":2.1,"offset":2,"vertices":[-21.26269,0,-21.26269,0,0,0,0,0,0,0,0,0,-21.26269,0,-21.26269],"curve":"stepped"},{"time":2.2,"offset":4,"vertices":[-39.47949,0,0,0,0,0,0,0,0,0,-39.47949,0,0,0,0,0,-13.15979,0,-13.15979],"curve":"stepped"},{"time":2.3333,"offset":1,"vertices":[28.8171,0,28.8171,0,0,-15.94714,0,-15.94714,0,-15.94714,0,-15.94714,0,0,0,0,28.8171,0,28.8171,-32.16858,0,-32.16858],"curve":"stepped"},{"time":2.4333,"offset":2,"vertices":[-19.00879,0,-19.00879,0,0,0,0,0,0,0,0,0,-19.00879,0,-19.00879],"curve":"stepped"},{"time":2.5667,"offset":2,"vertices":[27.78186,0,27.78186,0,0,0,0,0,0,0,0,0,27.78186,0,27.78186],"curve":"stepped"},{"time":2.6667,"curve":"stepped"},{"time":2.8,"vertices":[27.65283,0,0,0,0,0,-42.40088,0,-42.40088,0,-42.40088,0,-42.40088,0,0,0,0,0,27.65283,0,27.65283,0,27.65283],"curve":"stepped"},{"time":2.9333,"vertices":[-22.06214,0,21.93298,0,21.93298,0,35.09608,0,35.09608,0,35.09608,0,35.09608,0,21.93298,0,21.93298,0,-22.06214,0,-22.06214,0,-22.06214],"curve":"stepped"},{"time":3.0333,"curve":"stepped"},{"time":3.8667,"curve":"stepped"},{"time":4,"vertices":[27.65283,0,0,0,0,0,-42.40088,0,-42.40088,0,-42.40088,0,-42.40088,0,0,0,0,0,27.65283,0,27.65283,0,27.65283],"curve":"stepped"},{"time":4.1,"vertices":[-22.06214,0,21.93298,0,21.93298,0,35.09608,0,35.09608,0,35.09608,0,35.09608,0,21.93298,0,21.93298,0,-22.06214,0,-22.06214,0,-22.06214],"curve":"stepped"},{"time":4.2}],"zhujs4":[{"time":2.1,"curve":"stepped"},{"time":2.2,"vertices":[17.71899,0,0,0,0,0,-23.03479,0,-23.03479,0,-23.03479,0,-23.03479,0,0,0,0,0,17.71899,0,17.71899,0,17.71899],"curve":"stepped"},{"time":2.3333,"vertices":[-11.85461,0,0,0,0,0,-21.73328,0,-21.73328,0,-21.73328,0,-21.73328,0,0,0,0,0,-11.85461,0,-11.85461,0,-11.85461],"curve":"stepped"},{"time":2.4333}],"zhujs2":[{"time":2.4,"curve":"stepped"},{"time":2.5,"offset":2,"vertices":[40.87488,0,40.87488,0,0,0,0,0,0,0,0,0,40.87488,0,40.87488],"curve":"stepped"},{"time":2.6333}]}}}}}}